customer_message,brand_reply,true_intent,should_escalate,reply_checklist,human_grounded,human_relevant,human_tone,thread_id
i want to sign up for premium but i cant login to my account on the app? I can sign in on internet but havin problems with the app?,Hey! The cavalry's here. Can you DM us your account's username or email address? We'll take a look under the hood /JS,account_access,escalate,Acknowledge login issue; suggest password reset or account recovery; escalate if unresolved,4,5,5,2041338
id::93__credit_card__: My account was hacked/compromised. I’ve regained access and changed my password but I noticed there w,Hey there! Looks like your tweet is incomplete. Can you resend that for us? We'll be here waiting /RB,account_access,escalate,Acknowledge login issue; suggest password reset or account recovery; escalate if unresolved,5,5,5,460198
I do not receive an email from you guys when I request a reset password. Haven’t been able to use my premium account in days. Ive checked all email accounts and spam folders. No email.,"Hi Matt, help's arrived! Could you DM us your username and email address? We'll take a look backstage /JQ",account_access,escalate,Acknowledge login issue; suggest password reset or account recovery; escalate if unresolved,5,5,5,2910952
"Hello. I want to cancel my premium subscription, but I deleted my Facebook a while ago and I am unable to log in. Please help!",Hey Kimberly! Can you DM us your account's email address? We'll take a look backstage /SU,account_access,escalate,Acknowledge login issue; suggest password reset or account recovery; escalate if unresolved,4,5,5,886015
I need help cancelling my account. I do not remember my email or password.,Hi there! We'll continue helping out from here. Can you DM us any email addresses or usernames you might have used to create an account? We'll search under the hood 🔍 /NJ,account_access,escalate,Acknowledge login issue; suggest password reset or account recovery; escalate if unresolved,4,5,5,2901234
"I cant login to my account, and someone changed the email to reset the password. is there a phone # to contact you guys?",2: at > select Logging in > I can't log in to Spotify > I STILL NEED HELP /MG,account_access,escalate,Acknowledge login issue; suggest password reset or account recovery; escalate if unresolved,5,4,4,378240
You guys having web player issues by any chance? Keeps making me login over and over.,"Hey! Don't worry, we're on it. Our developers are looking into this, and we'll keep everyone updated /DF",account_access,escalate,Acknowledge login issue; suggest password reset or account recovery; escalate if unresolved,4,4,4,1695014
"hey someone has changed the email address and password of my account, can you help me out please","Hey Adam, we're sorry to hear that! Can you DM us your account's username and email address? We'll take a look backstage /JX",account_access,escalate,Acknowledge login issue; suggest password reset or account recovery; escalate if unresolved,4,4,4,2141724
I’m locked out of my account 😟,We see. Could you DM us your account's email address and username? We'll take a look backstage 🙂 /CG,account_access,escalate,Acknowledge login issue; suggest password reset or account recovery; escalate if unresolved,5,5,5,1719028
Not helpful. I found this twitter handle on the website. Whoever is getting in ie changing the password before we can. Changed email PW. Need more support or to stop paying for premium.,"We understand! Just to clarify, did you fill out the contact form? That will connect you with our Accounts Team. They'll help secure and restore your account. Keep us in the loop /JX",account_access,escalate,Acknowledge login issue; suggest password reset or account recovery; escalate if unresolved,4,3,5,466064
I need help! My app isnt working. I let logged me out and when I hit the login button it doesn’t do anything.,"Hey Heather, help's here! Can you DM us your account's email address and username? We'll take a look backstage /MQ",account_access,escalate,Acknowledge login issue; suggest password reset or account recovery; escalate if unresolved,4,4,5,1888382
I cannot login to my Spotify premium account for over a week now and I need help logging back in. I can't even reset my pw.,"Hey there, help's here! Can you DM us your account's email address and username? We'll take a look backstage 🙂 /CG",account_access,escalate,Acknowledge login issue; suggest password reset or account recovery; escalate if unresolved,5,5,4,2008211
I don't know what my email address is but i know my username and need to cancel a subscription,Hi Sophie! Could you send us a DM with that username? We'll do our best to help out /NJ,account_access,escalate,Acknowledge login issue; suggest password reset or account recovery; escalate if unresolved,4,5,5,1175724
"someone logged into my account and changed the email address, now I can't even log in to take out my CC info. What can I do?","Hey Michael, we’re sorry to hear that. Don't worry, you can follow the steps at for what to do next /RR",account_access,escalate,Acknowledge login issue; suggest password reset or account recovery; escalate if unresolved,5,5,5,286426
. I am getting error code: 404 when I try to sign in to any app.,"Hi Ryan! Help's here. Can you DM us your account's username or email address, along with a screenshot of the error message you're getting? We'll check things backstage /MU",account_access,escalate,Acknowledge login issue; suggest password reset or account recovery; escalate if unresolved,5,5,5,534626
Spotify username msolby. Spotify devotee. Can you help customer support solve my login problems. Days without music is no fun.,"Hey Marc, help's here! Could you send us a DM with your account's email address? We'll make sure to help you log back in to your account 🙂 /VA",account_access,escalate,Acknowledge login issue; suggest password reset or account recovery; escalate if unresolved,4,4,5,565379
"Hi, for some reason we are unable to log in to our spotify account. I have the username and password which wouldn't work so I sent a reset request ,but from some reason it has not been sent to the account linked with spotify?","Hey there! Don't worry, we're here to help. Can you DM us your account's email address or username? We'll take a look backstage /MT",account_access,escalate,Acknowledge login issue; suggest password reset or account recovery; escalate if unresolved,4,4,4,564551
uh yea can u let me change my username pls ?? terrible mistake i made back then,Hey help's here! Can you DM us your account's email address? We'll take a look backstage /GK,account_access,escalate,Acknowledge login issue; suggest password reset or account recovery; escalate if unresolved,4,5,4,688073
"my friend just signed up and we learned that usernames are now system generated only, she has a 25 random character username",Hey! The cavalry's here. Can you DM us her account's email address? We'll take a look under the hood /JS,account_access,escalate,Acknowledge login issue; suggest password reset or account recovery; escalate if unresolved,4,4,4,1592174
"Trying to log in to the app through Facebook on my Samsung Galaxy S7 Edge, says Facebook error occurred, please try again. Tried the generate app passwords trick but when I enter the generated password it won't accept the details I give it.",Hey Daniel! Can you DM us your account's username and email address? We'll take a look backstage /JL,account_access,escalate,Acknowledge login issue; suggest password reset or account recovery; escalate if unresolved,4,4,4,2309014
i cant login to my premium for family account ... my profile is showing as free for some reason,Hey! Can you DM us your account's username and email address? We'll take a look behind the scenes /JL,account_access,escalate,Acknowledge login issue; suggest password reset or account recovery; escalate if unresolved,4,4,4,1098205
Email verification. I'm getting email for someone who entered the wrong email. With enough flags your email will be spam,Hey there! Can you DM us the account's email address? We'll take a look under the hood /AN,account_access,escalate,Acknowledge login issue; suggest password reset or account recovery; escalate if unresolved,5,3,4,400270
PS my username is 7852petegarrett,Hi Pete! Can you send us a DM with the usernames or email addresses of the members you're trying to add? We'll take a look backstage /HR,account_access,escalate,Acknowledge login issue; suggest password reset or account recovery; escalate if unresolved,4,4,4,2881187
I am having trouble changing my password! There is an unknown email address on my account! Please help!!,Hey! Sorry to hear that. Could you DM us your username or email address? We'll check things out backstage /Q,account_access,escalate,Acknowledge login issue; suggest password reset or account recovery; escalate if unresolved,4,4,4,1978829
someone’s hacked my account and apparently there’s no way for me to change my password! #crock #fixthis #givememumoneyback,Hey Nichole! We’re sorry to hear that. We'd suggest checking out for what to do next /FR,account_access,escalate,Acknowledge login issue; suggest password reset or account recovery; escalate if unresolved,4,4,4,1659830
"Voted for it, but I cannot stress enough how bad of a decision it is to ignore 2FA at this point in time. I hope they change their minds.","Not to worry! We'll pass on your feedback. For anything else, we're just a tweet away /JP",account_access,escalate,Acknowledge login issue; suggest password reset or account recovery; escalate if unresolved,4,5,5,1350244
"hai , mau nanya nih, akun spotify saya kok ga bisa login pas diluar negeri ya?? ada notifikasi kalau harus masukin lokasi gitu diwebsitenya.. bisa dibantu untuk penjelasannya ? thanks :)","Hey Yudhy! We can help out in English via Twitter, but we also have Indonesian support via email at /FR",account_access,escalate,Acknowledge login issue; suggest password reset or account recovery; escalate if unresolved,4,4,4,2527146
Hi! I can't log in to my account to cancel it. Please help! My UN is ivette0327. I tried reseting PW. No luck.,Hey Ivette! We have some important info to share. Can you send us a DM? /AR,account_access,escalate,Acknowledge login issue; suggest password reset or account recovery; escalate if unresolved,4,3,4,2626076
can’t login! Too many redirects error message,"Hey there, we're sorry to hear that! Can you DM us your account's email address and username? We'll take a look backstage /JX",account_access,escalate,Acknowledge login issue; suggest password reset or account recovery; escalate if unresolved,4,4,3,1862231
"hi, my last fm won't work on my spotify mobile, it says wrong uname/password. While It works just fine on desktop. Can u help?",Hey! Can you change your Last.fm password and give it another try? Let us know how you get on /YM,account_access,escalate,Acknowledge login issue; suggest password reset or account recovery; escalate if unresolved,5,5,5,968814
How to get your podcast on and how much does it cost? #podcasts,"Hey Max! It’s not currently possible to submit your own podcast content to Spotify, but add your Kudos here: /KL",billing_subscription,escalate,Acknowledge charge issue; do NOT promise refund; direct to billing team; give timeline expectation,,,,1264085
Smh I'm trying to give Spotify my money but they won't take it!!,"Hey there, we'd love to help! Can you DM us your account's username or email address? We'll take a look backstage /JP",billing_subscription,escalate,Acknowledge charge issue; do NOT promise refund; direct to billing team; give timeline expectation,,,,1858001
i need help my debit card was lost i got a new one but it won't allow me to update payment,Hey Dreeya! We've just sent you a bit more info over DM. We'll carry on helping out there /KB,billing_subscription,escalate,Acknowledge charge issue; do NOT promise refund; direct to billing team; give timeline expectation,,,,1701217
hubby and I trying to combine our Spotify and work off that turkey. Can't do w/o music! Can't add him to the plan - clicking to add family member & blank screen. On Mac OS over web.,"Hey Peggy! Just let the bird chill while we work this out, okay? Can you DM us your and your hubby's usernames or email addresses? We'll do our best to help /TK",billing_subscription,escalate,Acknowledge charge issue; do NOT promise refund; direct to billing team; give timeline expectation,,,,175484
"my premium sub is not working. Included in phone plan, provider says its u the prob. Help? Cant find a f-ing phone or chat # 4 U.",Hey Augusta! We don't have telephone support but we can help you here. Can you DM us your account's email address? We'll look into it /GS,billing_subscription,escalate,Acknowledge charge issue; do NOT promise refund; direct to billing team; give timeline expectation,,,,397631
"I purchased a student discount account, however in my payment transactions, it had paid for both the student account and the yearly package.","Hey, help's here! Can you DM us your account's email address? We'll check backstage /GK",billing_subscription,escalate,Acknowledge charge issue; do NOT promise refund; direct to billing team; give timeline expectation,,,,948889
The family member I’m trying to invite to my plan doesn’t receive the email despite several re-sends?,Hey Kasper! Can you DM us the email addresses for both of your accounts? We'll take a look backstage /SJ,billing_subscription,escalate,Acknowledge charge issue; do NOT promise refund; direct to billing team; give timeline expectation,,,,1174968
For YEARS I've been paying for Spotify. I don't USE Spotify...EVER. Please cancel my scrip and refund the $ you just took . Thanks. Rich Briere 01040,2: Just be careful not to include your 16-digit card number for security. We'll be waiting /JE,billing_subscription,escalate,Acknowledge charge issue; do NOT promise refund; direct to billing team; give timeline expectation,,,,273603
"Hey I was trying to upgrade to premium on the App but I couldn’t find anywhere to do it, guess you don’t want my money.","Hey Mike, help's arrived! Have you tried upgrading to Premium here: Let us know how it goes /DD",billing_subscription,escalate,Acknowledge charge issue; do NOT promise refund; direct to billing team; give timeline expectation,,,,2708578
wanna tell me why i’m being billed even though i’m only on a free trial....,"Hey there, help's here! Could you DM us your account's username and email address? We'll take a look backstage /JX",billing_subscription,escalate,Acknowledge charge issue; do NOT promise refund; direct to billing team; give timeline expectation,,,,654649
what’s wrong with the payment functions? All of my cards can’t go through,"Hey Jaime, help's here! Do you get an error message when using your card? Also, can you DM us your account's email address? /SJ",billing_subscription,escalate,Acknowledge charge issue; do NOT promise refund; direct to billing team; give timeline expectation,,,,815436
I have Premium for Family and I am being charged twice (on 2 of my CCs). I don't know if I have a duplicate account. Help!,"Hey Ana, help's here! Can you DM us your account's email address? We'll take a look backstage /SJ",billing_subscription,escalate,Acknowledge charge issue; do NOT promise refund; direct to billing team; give timeline expectation,,,,1493538
"Keep an eye on your credit card statements for unauthorized charges from and the phone number showing on the credit card statement, to contact Spotify, is not a working number #fraud","Hey! We don't have telephone support, but we'll help here. Can you DM us a screenshot of how the charge appears on the bank statement? /JL",billing_subscription,escalate,Acknowledge charge issue; do NOT promise refund; direct to billing team; give timeline expectation,,,,1942318
"hey there, been having issues with my premium account the past couple days. Seems like it is due to my payment not going through,but I'm sure my card info is valid. Any solutions to follow here? Thanks in advance for the help!",Hey there! Can you DM us your account's email address and a screenshot of any error messages you're seeing? We'll take a look /RB,billing_subscription,escalate,Acknowledge charge issue; do NOT promise refund; direct to billing team; give timeline expectation,,,,128180
GAVE up. Spent 15 min lookng 4 upgrade button. Wont spend another sec wrking to give u my 💰 if the app dsnt make it ez to pay u.,Hey there! We're here to help. Can you DM us your account's email address? We'll take a look under the hood /AN,billing_subscription,escalate,Acknowledge charge issue; do NOT promise refund; direct to billing team; give timeline expectation,,,,1903397
I just got an email saying it was a receipt. I still haven't been able to listen to a single song. What screen shots am I supposed to get again? I if I find I have been billed again to be correct with an UNUSABLE DESTROYED ACCOUNT. THEN I'VE HAD ENOUGH,"Don't worry, we'll be sure to get this cleared up for you. We've sent over a DM with more help. Reply there when you get the chance! /J",billing_subscription,escalate,Acknowledge charge issue; do NOT promise refund; direct to billing team; give timeline expectation,,,,2609421
Can I get a 30 day free trial if I upgrade to premium with UNIdays as I am a student and want to try before I buy?,Hi Hannah! We'd like to check your account backstage. Could you DM us your email address? We'll be waiting here /NY,billing_subscription,escalate,Acknowledge charge issue; do NOT promise refund; direct to billing team; give timeline expectation,,,,2613414
I need some help about payment can you contact me ?,Hey Atakan! Can you tell us a bit more about what's going on? We'll see what we can suggest /TF,billing_subscription,escalate,Acknowledge charge issue; do NOT promise refund; direct to billing team; give timeline expectation,,,,2492538
"I want to invite my wife to family plan but Something is wrong with the address, I need to see my address",Hi Mayanin! We're afraid it's not possible to view or change the address you've entered when signing up for the Family plan. Can you DM us your accounts' email address? We'll see what we can suggest /WW,billing_subscription,escalate,Acknowledge charge issue; do NOT promise refund; direct to billing team; give timeline expectation,,,,2866612
"I pressed ""Learn More"" and then ""Get Started"" and then it takes me to a screen to edit credit card info. Don't see another option.",No worries! Could you DM us your Spotify account's email address? We'll take a look under the hood /BH,billing_subscription,escalate,Acknowledge charge issue; do NOT promise refund; direct to billing team; give timeline expectation,,,,784861
please help me I have two months paid but no premium service!!!,"Hey there, help's here! Can you DM us your account's email address? We'll take a look under the hood /MV",billing_subscription,escalate,Acknowledge charge issue; do NOT promise refund; direct to billing team; give timeline expectation,,,,963755
hey why can't I buy premium? I'm tapping on my account & I don't see the upgrade to premium option.,Hey! Help's here. Can you DM us your account's email address? We'll take a look backstage /MG,billing_subscription,escalate,Acknowledge charge issue; do NOT promise refund; direct to billing team; give timeline expectation,,,,378739
"I've subscribed to Premium but still have trial. Payment gone through, have logged out and in again",Hey there! Can you DM us your account's username and email address? We'll take a look backstage /SY,billing_subscription,escalate,Acknowledge charge issue; do NOT promise refund; direct to billing team; give timeline expectation,,,,1380899
"hello, why i can't update payment menthod for premium? always like this when i want update..","Hey, help's here! Can you DM us your account's username or email address? We'll take a look under the hood /RS",billing_subscription,escalate,Acknowledge charge issue; do NOT promise refund; direct to billing team; give timeline expectation,,,,2491636
"if I purchase the premium family plan, can we pay upfront? Meaning, how do we avoid monthly charges to a credit card?",Hey! Can you DM us your account's username and email address? We'll see what we can suggest /JL,billing_subscription,escalate,Acknowledge charge issue; do NOT promise refund; direct to billing team; give timeline expectation,,,,959760
"Not payment issues, but the Android app is refusing to load any content. Which, given I'm a Premium user? Really, really annoying.","Hey there. That doesn't sound good. Can you let us know the device, along with the Android and Spotify versions you're rocking? /QI",billing_subscription,escalate,Acknowledge charge issue; do NOT promise refund; direct to billing team; give timeline expectation,,,,934577
"if the share function on android isn't fixed by Monday, Im gonna need a refund cause I'll be going back to Tidal 😌","Hey, thanks for the report. Our tech folks are investigating this as we speak. We appreciate your patience /MQ",billing_subscription,escalate,Acknowledge charge issue; do NOT promise refund; direct to billing team; give timeline expectation,,,,854630
I’m on free because premium cost money and like I listen to a playlist with numerous artists and then it creates a radio for it which confuses me because I don’t read which one is which.,Thanks. We're afraid Suggested Tracks will play when listening to an album or playlist as it's part of our Free service: You can check out if you haven't had Premium before. Give us a shout if there's anything else /RE,billing_subscription,escalate,Acknowledge charge issue; do NOT promise refund; direct to billing team; give timeline expectation,,,,2933217
i am having lots of payment issues please help,Hey! Can you DM us your account's email address? We'll see what we can suggest /CB,billing_subscription,escalate,Acknowledge charge issue; do NOT promise refund; direct to billing team; give timeline expectation,,,,822871
I was invited in family but I can't upgrade my account WHY?,Hi there! Could you send us a DM with your account's email address? We'll take a look backstage and see what we can do /DR,billing_subscription,escalate,Acknowledge charge issue; do NOT promise refund; direct to billing team; give timeline expectation,,,,2290951
I can't shuffle and I finally figured out it's only when I'm playing through bluetooth on my Mazda CX-5...which is always!,"Hey there! Can you let us know what device, operating system, and Spotify version you're using? We'll see what we can suggest /NS",playback_technical,auto_handle,Acknowledge problem; suggest quick fix (reinstall / clear cache / check connection); ask device/OS if needed,,,,2599164
Has a recent update broken playing Spotify on a Sonos Play1 using Spotify Connect from the Spotify app? #whoistoblame,"Hey there! Can you let us know your device, operating system, and Spotify version? We'll see what we can suggest /RC",playback_technical,auto_handle,Acknowledge problem; suggest quick fix (reinstall / clear cache / check connection); ask device/OS if needed,,,,576174
every time I try to join the family invitation I get an error message - Oops something went wrong?,"Can you send us your account's email address? Also, can you send us a screenshot of what you're seeing? We'll take a look backstage /SJ",playback_technical,auto_handle,Acknowledge problem; suggest quick fix (reinstall / clear cache / check connection); ask device/OS if needed,,,,965744
"Even play any song from the playlist, a different playlist etc. it just won't play I've already exited and went back into the app many times","Hey there! Can you let us know the device, operating system, and Spotify version you're using? We'll see what we can suggest /PL",playback_technical,auto_handle,Acknowledge problem; suggest quick fix (reinstall / clear cache / check connection); ask device/OS if needed,,,,1295665
I can’t see the song playing also can’t skip it,"Hey Alan, help's here. Can you let us know the device, OS, and Spotify version you're using? We'll see what we can suggest /KL",playback_technical,auto_handle,Acknowledge problem; suggest quick fix (reinstall / clear cache / check connection); ask device/OS if needed,,,,1167977
"Yo , the app keeps crashing every time I try to share a song on my pixel!","Hi Anelise! Our best tech folks are on the case as we speak. Hopefully, we'll have a fix soon /AU",playback_technical,auto_handle,Acknowledge problem; suggest quick fix (reinstall / clear cache / check connection); ask device/OS if needed,,,,1074046
"hey there, so i'm playing a playlist and then denzel curry - ultimate comes on and plays, but the song keeps ""playing"" after the song is over. the song was supposed to be over at 3:09 but it's now at 25:15 with no sound or anything and i can't pause or skip. pls hlp",Hey there! Could you let us know what device/OS you're using? We'll see what we can suggest /DF,playback_technical,auto_handle,Acknowledge problem; suggest quick fix (reinstall / clear cache / check connection); ask device/OS if needed,,,,102207
"iPhone 6S, IOS 11.0.2. Playlists won’t shuffle. Button turns off when it goes to the next song. Have deleted and reinstalled several times",Is this happening while you're streaming or listening to offline music? Do you recall when this issue started? /MG,playback_technical,auto_handle,Acknowledge problem; suggest quick fix (reinstall / clear cache / check connection); ask device/OS if needed,,,,2511294
"My Spotify computer app has legit said ""offline"" for 4 months and every attempt that customer service has attempted has failed miserably.",Thanks. Can you DM us your account's username or email address? We'll check backstage /NG,playback_technical,auto_handle,Acknowledge problem; suggest quick fix (reinstall / clear cache / check connection); ask device/OS if needed,,,,100118
BUT! I have an error message here,We understand. Just wanted to make sure if the app was reinstalled with the recommended steps. Can you DM us your account's username? /MU,playback_technical,auto_handle,Acknowledge problem; suggest quick fix (reinstall / clear cache / check connection); ask device/OS if needed,,,,1833858
"Hey , why does my personalized running playlist only play songs I dont know and have never heard? Not very personal.","Hey! It should be similar or based off of your previous listening habits and your library content. For now, we'll pass on your feedback /RK",playback_technical,auto_handle,Acknowledge problem; suggest quick fix (reinstall / clear cache / check connection); ask device/OS if needed,,,,1792568
Why can I not access my queue on my iPhone app?,Hey there! Can you let us know the iOS and Spotify version you're using? We'll see what we can suggest /RH,playback_technical,auto_handle,Acknowledge problem; suggest quick fix (reinstall / clear cache / check connection); ask device/OS if needed,,,,2526433
when will their be a update to support the iPhone X? Mine has been having a hard time connecting and running slow :(,"Hey Tim, helps! here! Can you let us know your exact iOS and Spotify versions? We'll see what we can suggest /JP",playback_technical,auto_handle,Acknowledge problem; suggest quick fix (reinstall / clear cache / check connection); ask device/OS if needed,,,,2404019
hey dudes. Are you aware of the iOS11 bug that prevents Spotify controls? Can’t use my AirPods or CarPlay anymore with the app,"Hey! Can you tell us more about what's happening? If you could DM us your account's email address, we'll check things backstage too /CP",playback_technical,auto_handle,Acknowledge problem; suggest quick fix (reinstall / clear cache / check connection); ask device/OS if needed,,,,395720
"Hi, thanks for getting back so fast! I think it’s sorted itself! The message has gone and I can do more than shuffle! Thank you anyway! :)",That's fantastic news! Let us know if you need anything else. We're always... /DN,playback_technical,auto_handle,Acknowledge problem; suggest quick fix (reinstall / clear cache / check connection); ask device/OS if needed,,,,2182202
I need help linking my Facebook page it keeps giving me an error. I emailed you 3 times and haven’t gotten a response.,Hey! We can chase this up for you. Could you DM us your 8-digit case number and account's email address? We'll take a look backstage /RA,playback_technical,auto_handle,Acknowledge problem; suggest quick fix (reinstall / clear cache / check connection); ask device/OS if needed,,,,2516150
It said “503. No server to handle request”. I’ve gone with Amazon Music now but thank you anyway 😘,You're welcome! Let us know if you ever need us again. We'd be... ✌️ /JM,playback_technical,auto_handle,Acknowledge problem; suggest quick fix (reinstall / clear cache / check connection); ask device/OS if needed,,,,2786604
"HTC 10 unlocked, android 7. I think it was happening when it was transitioning from bad wifi to cell data being off but can't recall when I pressed play. Why can't I load local data then update later? I was walking away from my home at the time.","Thanks for letting us know. Can you try logging out, restarting your device, then logging back in? Let us know if that helps /QI",playback_technical,auto_handle,Acknowledge problem; suggest quick fix (reinstall / clear cache / check connection); ask device/OS if needed,,,,573785
"MacOS 10.12.6 and no clue how to tell spotify version. Just started acting up now, and won't play this album at all.","Thanks. To make sure you're using the updated version of the app, we'd suggest a reinstall: Let us know if the same thing happens afterwards /LW",playback_technical,auto_handle,Acknowledge problem; suggest quick fix (reinstall / clear cache / check connection); ask device/OS if needed,,,,2773498
I usually use my phone. I also downloaded the song onto my Apple Music library and it sounds fine when I listen to it on there.,"Thanks! Could you give us more detail on the song's beat? Also, what phone model, operating system, and Spotify version are you using? /MT",playback_technical,auto_handle,Acknowledge problem; suggest quick fix (reinstall / clear cache / check connection); ask device/OS if needed,,,,1403652
I'm a premium subscriber and my computer (web app) is stuck in shuffle mode! Heeeeeelp!! I can't play any song I click on.,Hey! That doesn't sound good. Can you DM us your account's email address? We'll take a look backstage /AU,playback_technical,auto_handle,Acknowledge problem; suggest quick fix (reinstall / clear cache / check connection); ask device/OS if needed,,,,2048219
do somethingThe shuffle option on the app. It is god awful. I dont put it on shuffle to hear the same song 3 mins later,Hey! We’ve recently made some improvements to our shuffle algorithm. We’d love to hear your feedback here: /CH,playback_technical,auto_handle,Acknowledge problem; suggest quick fix (reinstall / clear cache / check connection); ask device/OS if needed,,,,1852632
"Hey, getting the 'Can't play the current song' on desktop Mac (Sierra). Have restarted app and computer but still occurring","Hey Stuart! Is this happening on any other devices? Also, can you send us the Spotify URI? Just right-click the track > Share > URI /MQ",playback_technical,auto_handle,Acknowledge problem; suggest quick fix (reinstall / clear cache / check connection); ask device/OS if needed,,,,1974129
"Thanks, but that’s not exactly a solution. There’s still no way to sort downloads/offline music.",We understand. We can see how that’d be handy. Thanks for taking the time to reach out – your feedback's been noted /QI,playback_technical,auto_handle,Acknowledge problem; suggest quick fix (reinstall / clear cache / check connection); ask device/OS if needed,,,,568981
Hey can the suggested songs not overkill the album i am actually keen on pkaying. Went: Track want to hear Suggested song Suggested song Album track Suggested song Album track Ad Suggested song Suggested song Like really... not to mention the ad song ad crap ive had.,"Hi! We appreciate your feedback. We'll make sure to pass it on to the right team. For now, try adding more artists to your playlists to reduce the number of Suggested Tracks you get. If there's anything else, just give us a shout /AU",playback_technical,auto_handle,Acknowledge problem; suggest quick fix (reinstall / clear cache / check connection); ask device/OS if needed,,,,544583
"No error messages are coming up on mobile, but when looking on pc, it just says that this song isn’t available, and to import it","Got it. Can you try logging out of Spotify, restart your device, then log back to see if that helps? Any better? /NY",playback_technical,auto_handle,Acknowledge problem; suggest quick fix (reinstall / clear cache / check connection); ask device/OS if needed,,,,1007942
can y'all improve the shuffle feature bc it sucks and plays the same shit all the time,Hey! We’ve recently made some improvements to our shuffle algorithm. We’d love to hear your feedback here: /NQ,playback_technical,auto_handle,Acknowledge problem; suggest quick fix (reinstall / clear cache / check connection); ask device/OS if needed,,,,2288872
"got a free 7 day trial code for the Android mobile app, downloaded some albums - 2 days later they're not available any more?",Hey there! Could you send us a DM with your account's email address or username? We'll take a look backstage /MA,playback_technical,auto_handle,Acknowledge problem; suggest quick fix (reinstall / clear cache / check connection); ask device/OS if needed,,,,1843418
any update on your app? Nothing will load,Hey Cara! Thanks for letting us know. Everything’s looking good on our end now - are you still having this issue? /JE,playback_technical,auto_handle,Acknowledge problem; suggest quick fix (reinstall / clear cache / check connection); ask device/OS if needed,,,,2913859
"Good to know. Does that mean subscribers can make fresh downloads for offline listening, and stream music when abroad for extended periods of time > 14 days ? In other words, are there any limitations for subscribers at all when abroad > 14 days ? Thanks 🙏.",Premium users will always be able to use the app as normal even if they're abroad for more than 14 days. Hope this clears things up /AY,playback_technical,auto_handle,Acknowledge problem; suggest quick fix (reinstall / clear cache / check connection); ask device/OS if needed,,,,2165462
"Hi guys, so I somehow asked to cancel my Spotify from my pocket, case number is 09678071 please can you ignore this.",Hey Chris! Thanks for the heads-up; we won't close your account as requested. Let us know if you need help with anything else /KB,cancellation,escalate,Explain cancellation steps; confirm what happens post-cancel (reverts to free); mention premium features lost,,,,1814783
I am a Groove Music member and now want to move my music to Spotify. Do I wait until Dec to cancel? I don't want 2b billed2x,"Hey Delsin! We have more info about the migration at Any other questions, just give us a shout /SJ",cancellation,escalate,Explain cancellation steps; confirm what happens post-cancel (reverts to free); mention premium features lost,,,,753653
I need help figuring out which account is associated with my card so that I can cancel it,"1: Hey, help's here! Can you shoot us a DM with a copy of your bank statement showing the charge? Make sure that it won't include...",cancellation,escalate,Explain cancellation steps; confirm what happens post-cancel (reverts to free); mention premium features lost,,,,1810986
having no easy way to contact you to caacel an account is unethical we don't have an account with you so how can we cancel payments with no account can't join community for answers as apparently I don't have sufficient privileges but i'm paying you,"Hey, we understand how you feel about it. Don't worry, we'll help sort this out. Could you send us a DM with all the email addresses/usernames you're using? We'll double-check backstage /AY",cancellation,escalate,Explain cancellation steps; confirm what happens post-cancel (reverts to free); mention premium features lost,,,,2763667
"hi I'm tryin to cancel my premium subs,but when I try to go to page to press cancel it's telling me I'm a free user","Hey Joe, help's here! Could you DM us your account's email address and username? We'll take a look backstage /CG",cancellation,escalate,Explain cancellation steps; confirm what happens post-cancel (reverts to free); mention premium features lost,,,,634034
Optimisation for iPhone X before the end of the week or else I’m not renewing my Premium subscription,Hey there! We hear you - we’re working on it as we speak. Stay tuned /MC,cancellation,escalate,Explain cancellation steps; confirm what happens post-cancel (reverts to free); mention premium features lost,,,,2613396
"I want to cancel whatever I am paying 9.99 a month for. I have no account apparently, so I can't cancel it! Free thru Toyota for a month maybe? Stop billing me.",2: make sure that the image you're sending doesn't contain your full 16-digit payment card number. We'll take a look backstage. /RA,cancellation,escalate,Explain cancellation steps; confirm what happens post-cancel (reverts to free); mention premium features lost,,,,2293019
can you cancel my account for me I’m switching to Apple Music,"No worries David, you can cancel anytime by heading to Let us know if you need a hand, we'd be happy to help /VK",cancellation,escalate,Explain cancellation steps; confirm what happens post-cancel (reverts to free); mention premium features lost,,,,1797151
I've tried the reinstall but the same error appears. This is quite frustrating as I have a premium subscription which I cannot use.,"Just to confirm, the issue isn't there if you're directly connected to the WiFi, correct? Does restarting your router help at all? /NY",cancellation,escalate,Explain cancellation steps; confirm what happens post-cancel (reverts to free); mention premium features lost,,,,1125892
"Nope, quite a few people with one plus 3s are having this issue please fix it, not paying for premium if this persists, music is unlistenable","We hear you. Just to check, is it the same for both streamed and offline songs? Can you also let us know if using a different internet connection makes a difference? /TB",cancellation,escalate,Explain cancellation steps; confirm what happens post-cancel (reverts to free); mention premium features lost,,,,558610
how the fuck do you block or delete followers on my account??!! its so fucking frustrating and annoying. please fix this feature. thanks,"Hi there! We're afraid blocking followers isn't currently possible. To help make this happen, we'd suggest supporting the idea in our Community at If you have any other questions, feel free to send us a tweet /DR",cancellation,escalate,Explain cancellation steps; confirm what happens post-cancel (reverts to free); mention premium features lost,,,,558588
I don't want to cancel. I just dont like having auto renew on,"We hear you! Month-to-month subscription plans aren't available at this time, but we'll be sure to pass this on to the right people. Let us know if you need anything else /JJ",cancellation,escalate,Explain cancellation steps; confirm what happens post-cancel (reverts to free); mention premium features lost,,,,2578877
i can't even use my Spotify account in Dubai??? Guess I have to cancel and join Tidal or Apple Music. It was fun while it lasted... #LostACustomer,"Hey there! Just to check, are you rocking Free or Premium? Can you DM us your account's email address? We'll check things out /KC",cancellation,escalate,Explain cancellation steps; confirm what happens post-cancel (reverts to free); mention premium features lost,,,,2158534
hey i canceled my account and my card was still charged. send help pls.,Hey there! Can you DM us your account's email address? We'll take a look backstage /RB,cancellation,escalate,Explain cancellation steps; confirm what happens post-cancel (reverts to free); mention premium features lost,,,,1789308
non-stop music is tiring on the long run. I want an option to enable ads for my premium subscription.,Hey there! Suggest the in our Community at and get support from other users 🙂 /TB,cancellation,escalate,Explain cancellation steps; confirm what happens post-cancel (reverts to free); mention premium features lost,,,,2859105
I cancelled my premium account in August and have still been charged the premium service. I haven't used it since I cancelled.,Hey Fern! Could you send us a DM with your account's email address or username? We'll take a look backstage /FR,cancellation,escalate,Explain cancellation steps; confirm what happens post-cancel (reverts to free); mention premium features lost,,,,1883562
my son has an account with you. He has passed away. How do I cancel his account? Is there a number I can call?,Hey there. Could you DM us your son's username and email address? We'll take a look /DF,cancellation,escalate,Explain cancellation steps; confirm what happens post-cancel (reverts to free); mention premium features lost,,,,1359523
"I just invited someone to Premium for Family, but the provided code doesn't work, and after that, I get an error whether I select to resend the invite or cancel it",Hey there! Can you DM us your account's email address along with your family member's? We'll take a look backstage /PL,cancellation,escalate,Explain cancellation steps; confirm what happens post-cancel (reverts to free); mention premium features lost,,,,2290563
I don't want 2 unsubscribe bc otherwise I love Spotify n all my songs are saved. If this can't be fixed I am forced to cancel. PLEASE HELP!,"Hey, that's not cool! Can you DM us your account's username or email address? We'll see what's happening backstage /JM",cancellation,escalate,Explain cancellation steps; confirm what happens post-cancel (reverts to free); mention premium features lost,,,,1907506
I don’t like how spaced out “cancel” is in the Spotify app please fix thanks love you,"Hey Sam! Thanks for the feedback - we'll pass it on. If there's anything else, just let us know /AP",cancellation,escalate,Explain cancellation steps; confirm what happens post-cancel (reverts to free); mention premium features lost,,,,784239
my old email has been deleted and I was wondering how I can change the email linked with my account,Hi Darcy! Could you send us a DM with your account's email address? We'll take a look backstage /DR,cancellation,escalate,Explain cancellation steps; confirm what happens post-cancel (reverts to free); mention premium features lost,,,,2215900
Today I tried to cancel my Premium and I didn't even last 2 hours before I re-joined...,Woohoo! That's awesome. We welcome you back... /MG,cancellation,escalate,Explain cancellation steps; confirm what happens post-cancel (reverts to free); mention premium features lost,,,,2264778
where is your Apple Watch app. I really don't want to cancel and subscribe to Apple Music but need offline playlists on the watch.,2: let our devs know it's something you'd like to see: /CP,cancellation,escalate,Explain cancellation steps; confirm what happens post-cancel (reverts to free); mention premium features lost,,,,695451
...warning that gift cards make you ineligible for promos. Will applying this giftcard to my account cancel my 99cent deal?,"Hi Matt! If you're able to sign up for the 3 months for $0.99 cents deal, you should be able to redeem your gift card right after. If you're having trouble doing that, DM us your account's email address and we'll take a closer look backstage 🙂 /RR",cancellation,escalate,Explain cancellation steps; confirm what happens post-cancel (reverts to free); mention premium features lost,,,,2964671
I love how you can cancel my account in seconds but can't help adjust my issues after hours.,We've just sent you a DM 🙂 /SU,cancellation,escalate,Explain cancellation steps; confirm what happens post-cancel (reverts to free); mention premium features lost,,,,1399659
"i deactivated my facebook a while back, is it possible to delete my spotify account (linked) without reactivating it?",Hey there! Help's here. Can you DM us your account's email address or username? We'll see what we can suggest /PB,cancellation,escalate,Explain cancellation steps; confirm what happens post-cancel (reverts to free); mention premium features lost,,,,2689685
I was wondering if you could cancel the extra $10.00 y’all charged from my done premium,Hey Sebastian! Can you DM us your account's email address? We'll take a look under the hood /AN,cancellation,escalate,Explain cancellation steps; confirm what happens post-cancel (reverts to free); mention premium features lost,,,,353165
"Hey , please release email addresses from deleted FaceBook account, so we can create an real account with it ;)",Hi there. We're sorry you feel that way. Can you DM us the email addresses linked to the old Spotify accounts? We'll take a look /LM,cancellation,escalate,Explain cancellation steps; confirm what happens post-cancel (reverts to free); mention premium features lost,,,,1974141
hey is anyone able to contact me in regards to cancelling an account that was made in error?,"Hey Michael, help's here! Could you DM us your account's username and email address? We'll take a look backstage /JX",cancellation,escalate,Explain cancellation steps; confirm what happens post-cancel (reverts to free); mention premium features lost,,,,2734653
How do I cancel. I followed your web sight instructions and it was extremely confusing and did not work I would like to speak to somebody,"Hey! We don't offer phone support at this time, but we'd be happy to assist via Twitter. Can you DM us your account's email address? /NQ",cancellation,escalate,Explain cancellation steps; confirm what happens post-cancel (reverts to free); mention premium features lost,,,,2084676
Thanks. It's a shame. Maybe something you could consider. Or creating playlists without any explicit lyrics?,Nice idea! It's definitely something for the team to consider and we'll make sure it reaches them. We appreciate the feedback /JK,feature_question,auto_handle,Answer the question directly; point to help article or in-app feature; keep it brief,,,,2734647
I am having problems with my subscription. I have been a Premium member for a while and have been receiving the student discount (because I'm a student). I am now being charged $9.99 instead of $4.99 for some reason. Help?,"Hey Taylor, help's here! Could you DM us your email address and username? We'll take a closer look /JQ",feature_question,auto_handle,Answer the question directly; point to help article or in-app feature; keep it brief,,,,2375420
"no, it's working as intended cutting from the last manson album to an endless stream of ""suggested songs"" of bland shitty metal #thanks",You can try adding more artists into your playlists to reduce the number of Suggested Tracks you get. We hope this helps! 😉 /MS,feature_question,auto_handle,Answer the question directly; point to help article or in-app feature; keep it brief,,,,48112
can you add a feature so I can block certain artists from my music feed? Like I never wanna hear the craptastic or ever again and ive been thumbing them down since signing up. #stopshittymusic,"Hey Jennifer! We don't have any info on this right now, but we'll let the right team know it's something you'd like to see /FR",feature_question,auto_handle,Answer the question directly; point to help article or in-app feature; keep it brief,,,,667167
I just realized got rid of their Quick Preview feature 😭,Hey! We have more info about this here: Give us a shout if you have any questions /RE,feature_question,auto_handle,Answer the question directly; point to help article or in-app feature; keep it brief,,,,186189
I need to make a #GrammyNominations playlist so I don't have to roam the whole musical world to potentially discover talent I didn't know existed. Please and thank you. 👍🏾,"Hey. Thanks for the feedback! Our Curation team are independent & use taste, data, research, and trends to create playlists, but we’ll pass on your suggestion. If you need anything else, just give us a shout /LJ",feature_question,auto_handle,Answer the question directly; point to help article or in-app feature; keep it brief,,,,2905928
If i Buy a gift card of 12 months for myself how can I add it on my account please?,Hey there! You should be able to redeem your code here: Let us know if you're having any trouble 🙂 /Q,feature_question,auto_handle,Answer the question directly; point to help article or in-app feature; keep it brief,,,,2960632
"Thank you. Have to agree with most of the commments; it was a fab, unique feature with many advantages.",2: we'll let the right folks know you miss it. Let us know if there's anything else we can help you with /BH,feature_question,auto_handle,Answer the question directly; point to help article or in-app feature; keep it brief,,,,1217411
"hi, how can I download the artwork with the Spotify code from my phone? I could do it using the website before, but it's not working anymore, now only downloads de code.","Hi Ben, help's here! Does using a different browser help? You might also want to try using an incognito window. Let us know /MX",feature_question,auto_handle,Answer the question directly; point to help article or in-app feature; keep it brief,,,,2953013
What is the point? You’ve done nothing about it and people have been asking for years. I want to protect my children and you clearly have your own agenda as other streaming services manage to filter explicit content.,We understand how you feel. We appreciate your feedback. We'll be sure to pass it on to the relevant team /AR,feature_question,auto_handle,Answer the question directly; point to help article or in-app feature; keep it brief,,,,455644
how do I know if I'm approved to be verified,"Hey! This is something for our Artist Services team. Not to worry, you can contact them here: 🙂 /DF",feature_question,auto_handle,Answer the question directly; point to help article or in-app feature; keep it brief,,,,2276882
"first off, I luv u .. second off I wish I could see lyrics to all songs in the app, idk friend, idk",Hey Kylo! Lyrics is currently unavailable as we're making some big improvements to the feature. We'll share more updates soon /LO,feature_question,auto_handle,Answer the question directly; point to help article or in-app feature; keep it brief,,,,2102705
Yo How can I edit my account name within the app? Unsure if I want to continue with the random cryptic name you gave me 1235199474,Hey there! The cavalry's here. Could you DM us your account's email address? We'll see what we can suggest /KB,feature_question,auto_handle,Answer the question directly; point to help article or in-app feature; keep it brief,,,,1892948
How to avail this?,Hey Loui! Can you DM us your account's email address? We'll see what we can suggest /KT,feature_question,auto_handle,Answer the question directly; point to help article or in-app feature; keep it brief,,,,2766511
how the fuck does spotify work im so confused,Hey Tamara! What's happening exactly? We'd love to help /NG,feature_question,auto_handle,Answer the question directly; point to help article or in-app feature; keep it brief,,,,864546
Wow !! It works..I just tried it. Thank you so much. I knew u could share individual songs but not full playlists!! 🤩🤩🤩,Awesome! Give us a shout if you ever need us again. We'd be... /KB,feature_question,auto_handle,Answer the question directly; point to help article or in-app feature; keep it brief,4,,,2380910
I've tried logging into my account through Facebook and through my regular info and it won't work. Also does not let my music play on PS4,Can you DM us your account's email address and a screenshot of the error you're getting? We'll take a look under the hood /QI,feature_question,auto_handle,Answer the question directly; point to help article or in-app feature; keep it brief,,,,737845
Hi! Do ratio stations save in list because I have to search new channel every time I open channels panel.,"Hey! On the Station page, click or tap Follow in order to save a radio station. You can then find it in Your Library under Stations /YM",feature_question,auto_handle,Answer the question directly; point to help article or in-app feature; keep it brief,,,,2290083
i was charged for regular premium even tho i should get the student discount and it looks like im on both pls..help,"Hi there, that doesn't sound good! Can you DM us your account's email address? We'll take a look backstage /AK",feature_question,auto_handle,Answer the question directly; point to help article or in-app feature; keep it brief,,,,2784963
It's finally working (the downloads) because I removed stuff from my SD card to internal storage. I don't know why it won't let me change the option to storing songs on internal storage which have more space than my SD card.,Thanks for the heads up. Can you DM us your account's email address or username? We'll take a look backstage /JE,feature_question,auto_handle,Answer the question directly; point to help article or in-app feature; keep it brief,,,,2110179
I'm a student & I recently did the Hulu/student premium subscription however instead of being charged $4.99 I was charged $9.99? 🤔,"Hey, help's here! Can you DM us your account's email address? We'll take a closer look /BE",feature_question,auto_handle,Answer the question directly; point to help article or in-app feature; keep it brief,,,,1639761
"a few secnds after connecting to my home wifi-connected speaker using ""devices avaiable', the music cuts out and it tries to connect to a random 'device' listed as 'Free wifi'. how can i remove this rogue device from the list of available devices","Hey there, helps here! We recommend signing out everywhere. To do so, head to > Scroll down > Click SIGN OUT EVERYWHERE. Let us know how it goes /ZO",feature_question,auto_handle,Answer the question directly; point to help article or in-app feature; keep it brief,,,,508826
any idea when the French podcast section will be live on your platform?,"Hey! We're afraid we don't have any info on this, but we'll let the right team know it's something you'd like to see /NJ",feature_question,auto_handle,Answer the question directly; point to help article or in-app feature; keep it brief,,,,2739622
Hey I didn't realize I hadn't renewed my student acct and I got charged the full $10 this month. Any way to get that $5 back?,Hey there! Can you DM us your account's email address and username? We'll take a look backstage for you /JX /JX,feature_question,auto_handle,Answer the question directly; point to help article or in-app feature; keep it brief,,,,292403
"Last time I tried it was not working, only worked with wifi. I created or voted idea a very long time ago but couldn’t find it. Anyway...",We're glad to hear everything's working now. Give us a shout if it starts misbehaving again; we're always here to help /RC,feature_question,auto_handle,Answer the question directly; point to help article or in-app feature; keep it brief,,,,1964849
", , , , I want a podcast player in Spotify","Hey! Thanks for letting us know that you'd like to see this in the future. We don't have any info right now, but we'll let our devs know /J",feature_question,auto_handle,Answer the question directly; point to help article or in-app feature; keep it brief,,,,2030965
💭 Wish I could pin and sort playlists in ... sometimes find myself un-following and re-following playlists just to push to the top,"2: In the meantime, check out the info at to know how you can sort your playlists /RS",feature_question,auto_handle,Answer the question directly; point to help article or in-app feature; keep it brief,,,,1667362
"It worked out in the end. Thank you! One question though, is there a way to unsync between devices under one account?","Glad to hear it worked! On the other hand, you can remove your offline devices by following the steps here: /PL",feature_question,auto_handle,Answer the question directly; point to help article or in-app feature; keep it brief,,,,1816348
someone keeps changing my song while at the gym. How do I️ keep them from making me listen to their device? #Spotify,Hi there! We’re sorry to hear that. Check out for what to do next. Let us know if we can help with anything else /GN,feature_question,auto_handle,Answer the question directly; point to help article or in-app feature; keep it brief,,,,2008483
How do I get the Hulu working? My Hulu still is asking me to pay.,Could you DM us your Spotify account's username or email address? We'll check things backstage /MU,feature_question,auto_handle,Answer the question directly; point to help article or in-app feature; keep it brief,,,,276529
it’s so annoying that you can’t change the order of your playlists on mobile,Hey there! You should be able to sort and filter your playlists on your mobile device. Check out the steps at 🙂 /GN,complaint_general,auto_handle,Acknowledge frustration genuinely; thank for feedback; no false promises; optionally offer to investigate,,,,1989770
"Is 's desktop app trash or am I missing some magical button that makes it work, like, at all?",Hey there! Can you let us know what's happening exactly and include your device's operating system and Spotify version? /KC,complaint_general,auto_handle,Acknowledge frustration genuinely; thank for feedback; no false promises; optionally offer to investigate,,,,1306145
Stop playing them . It's annoying,"Hey! It's not possible for now, but you can support the idea by adding your vote at /KL",complaint_general,auto_handle,Acknowledge frustration genuinely; thank for feedback; no false promises; optionally offer to investigate,,,,1452525
You guys need to wake the F**k up and come up with a solution ASAP because ignoring a continent is unacceptable. #SpotifyIgnoresAF,"1: Hi Ahmed! We hear you loud and clear. We're afraid we don't have any more info on this, but we'd love to have Spotify...",complaint_general,auto_handle,Acknowledge frustration genuinely; thank for feedback; no false promises; optionally offer to investigate,,,,1851668
Premium will not let me add my son to my account. Why do you hate me ?I'm just trying to be a good mom over here.,"Hey Veronica, we're here to help! Could you DM us your account's email address and username? We'll take a look backstage for you /BX",complaint_general,auto_handle,Acknowledge frustration genuinely; thank for feedback; no false promises; optionally offer to investigate,,,,1804186
Either get rid of the local file option or add album and artist views. It's useless without them.,"Hey Amir, those are great ideas! Suggest them in our Community at and get support from other users /LO",complaint_general,auto_handle,Acknowledge frustration genuinely; thank for feedback; no false promises; optionally offer to investigate,,,,2210913
"But then stops music the whole time I'm on twitter, not just when scrolling past videos. Bit annoying :(","Hey Jenni! Does logging out, restarting your device, and logging back in help at all? Let us know how it goes /TF",complaint_general,auto_handle,Acknowledge frustration genuinely; thank for feedback; no false promises; optionally offer to investigate,,,,437082
Can I block artist from playing? because im so tired of Lil' Squeegee and garbage gang ruining my flow.,"Hey LeRon! This isn't possible right now, but you can show your support for the idea on our Community: /DQ",complaint_general,auto_handle,Acknowledge frustration genuinely; thank for feedback; no false promises; optionally offer to investigate,,,,2645737
"When I open my phone Spotify, it automatically finds this. Why isn't there a way to disable this? It's ridiculous!",Can you let us know your devices' OS and the versions of Spotify you're using? We'll see what else we can suggest /AG,complaint_general,auto_handle,Acknowledge frustration genuinely; thank for feedback; no false promises; optionally offer to investigate,,,,1764681
It's pretty annoying ngl. I'm on PC using Win10 Spotify version 1.0.66.478.g1296534d which seems to be the latest,"Thanks! Is it happening on a specific ad? If so, let us know which ad it is. We'll check it out /QI",complaint_general,auto_handle,Acknowledge frustration genuinely; thank for feedback; no false promises; optionally offer to investigate,,,,736041
"Hey , This is a little funky. That poor album cover... 😕","Hi Tessa! Thanks for your feedback. We’re always testing things in order to improve, and we'll pass on your thoughts to the right folks /MU",complaint_general,auto_handle,Acknowledge frustration genuinely; thank for feedback; no false promises; optionally offer to investigate,,,,1854932
I’ve had the worst customer service I’ve ever had. Can I please get some help. I’ve been waiting all day.,Sorry for the delay! We've just sent you a DM. Let's carry on chatting there /RH,complaint_general,auto_handle,Acknowledge frustration genuinely; thank for feedback; no false promises; optionally offer to investigate,,,,1645299
I’ve been listening to the music I like for years and it gets even worst... 😑,"We hear you! Discover Weekly is based on what you, and others like you, are listening to. Hopefully it’s more in tune next week 🙂 /TB",complaint_general,auto_handle,Acknowledge frustration genuinely; thank for feedback; no false promises; optionally offer to investigate,,,,1956022
"your app is atrocious on the iPhone X. You’re supposed to be a major player. I’m sick of how terrible it is, get with it or I’m canceling my family membership and heading to","Hi Christian! We understand where you're coming from. We currently don't have any info on this, but we'll pass it onto the team /DV",complaint_general,auto_handle,Acknowledge frustration genuinely; thank for feedback; no false promises; optionally offer to investigate,,,,2183129
"Anyone else's just randomly stop and close on #Android. It's daily on my #GalaxyS8. So annoying. , can you shed light?","Hey Dan, help's here! Could you DM us your device, operating system, and Spotify version? We'll take a look /Q",complaint_general,auto_handle,Acknowledge frustration genuinely; thank for feedback; no false promises; optionally offer to investigate,,,,1982446
Yo why did you put my song list in alphabetical order!!!!!????? I hate it 😖,"2: Also, if you could let us know what device, operating system, and Spotify version you're using, that'd be great /NS",complaint_general,auto_handle,Acknowledge frustration genuinely; thank for feedback; no false promises; optionally offer to investigate,,,,777634
That’s annoying. 🙃,We understand where you're coming from. No worries. We'll pass your feedback onto the right folks /DV,complaint_general,auto_handle,Acknowledge frustration genuinely; thank for feedback; no false promises; optionally offer to investigate,,,,45756
Guys bring the padding as it was. Look at the picture it's ridiculous. 🙏 #Spotify,Hey there! Could you tell us what's happening exactly? Keep us posted /DF,complaint_general,auto_handle,Acknowledge frustration genuinely; thank for feedback; no false promises; optionally offer to investigate,,,,1698929
"just played 3 songs, 4 ads, 3 more songs, and 4 more ads. This is ridiculous. I know I don't have a premium account, but come on.","Hey Elena. Thanks for your feedback - we'll pass it on. For now, check if you haven't had a subscription before /QI",complaint_general,auto_handle,Acknowledge frustration genuinely; thank for feedback; no false promises; optionally offer to investigate,,,,1809643
"Hi in the space of a 15 minute listen, my music has cut out a ridiculous amount of times. Very annoying. Listening on Bluetooth speaker via iPhone 7.",Hi Sarah! Can you let us know what iOS and version of Spotify you're using? We'll see what we can suggest /DR,complaint_general,auto_handle,Acknowledge frustration genuinely; thank for feedback; no false promises; optionally offer to investigate,,,,2162105
"Lack of a changelog is annoying. There appears to be a new 'Currently Playing' screen, but sometimes it doesn't work.","1: Hey, sorry to hear that. We don't have any info to share right now, but we're always testing things in order to improve Spotify.",complaint_general,auto_handle,Acknowledge frustration genuinely; thank for feedback; no false promises; optionally offer to investigate,,,,1862310
please fix your website. We purchased family premium and now can't even use it until you get this fixed. #ridiculous,Hey! We've just sent you a bit more info over DM. We'll carry on helping out there /JM,complaint_general,auto_handle,Acknowledge frustration genuinely; thank for feedback; no false promises; optionally offer to investigate,,,,2956316
"hello, can you upload the Solo version of ""Umbrella"" ( a Rihanna's song). The version with Jay-Z is just horrible...","Hey! Fingers crossed we'll be able to have it soon, but there's info about Spotify content here: /RC",complaint_general,auto_handle,Acknowledge frustration genuinely; thank for feedback; no false promises; optionally offer to investigate,,,,1062331
"Stand down, stand down! I was making a joke to your joke. =)","It's all right, we understand. If there's anything else we can help with, just say the word. We're always a tweet away 😁 /MT",complaint_general,auto_handle,Acknowledge frustration genuinely; thank for feedback; no false promises; optionally offer to investigate,,,,2851480
I swear these pop up messages are the most annoying thing please end this,"Hey Ryan, thanks for the feedback – we appreciate it! We’ll get this passed onto the right team /MX",complaint_general,auto_handle,Acknowledge frustration genuinely; thank for feedback; no false promises; optionally offer to investigate,,,,1268535
"- how many times do I need to complain about the same thing? Fed up of Spotify cutting out when it thinks my ""account is being used somewhere else""(and it's still happening since I got the family pack which allows multi users (!). Completely fed up.","Hi Nick! Sorry to hear that you feel that way. Let's not throw in the towel just yet. Can you DM us your account's email address, along with the device that you're using? Sending us a screenshot would also help. Keep us posted /MU",complaint_general,auto_handle,Acknowledge frustration genuinely; thank for feedback; no false promises; optionally offer to investigate,,,,2936266
I really don't know why I keep paying for trash ass...how all my music disappear after I deleted and re downloaded the app #overit,Hey! Help's here. Can you give us a bit more info? You can also send us a DM /SV,complaint_general,auto_handle,Acknowledge frustration genuinely; thank for feedback; no false promises; optionally offer to investigate,,,,789807
Why the F@ did I sign up for family premium if my wife's iphone keeps taking over my samsung thru Spotify connect??? USELESS,Hey Dave! It's possible that you're logging in using the same account. Can you DM us your username or email address? We'll check it out /MG,complaint_general,auto_handle,Acknowledge frustration genuinely; thank for feedback; no false promises; optionally offer to investigate,,,,1840160
"As ridiculous as this may sound I'm hoping that will eventually be lifted/be higher, lol. I'm always finding new music.","To help make it happen, we'd suggest adding your vote for the idea at /AR",complaint_general,auto_handle,Acknowledge frustration genuinely; thank for feedback; no false promises; optionally offer to investigate,,,,863664
Why hasn’t sent me the pre-sale code for ?! They must hate me 😭😭😭,Hey! Pre-sale codes are being sent out by email to some of Romeo Santos's biggest fans on Spotify. Hopefully you're one of them /RB,complaint_general,auto_handle,Acknowledge frustration genuinely; thank for feedback; no false promises; optionally offer to investigate,,,,2757627
"updated you and now my keyboard won't control Spotify. Not great. Advice, please thanks. Mac High Sierra","Hi there! Can you let us know if updating your macOS to High Sierra has made your other apps have the same issue? Also, is everything okay until you've updated your Spotify app's version? /JM",praise,auto_handle,Acknowledge warmly; keep it short and genuine; no upsell,,,,2555555
I'm not impressed that all my music is gone. All my account info gone had to redo it. Over128 songs gone,Hey Kellie! Can you DM us your account's email address and username? We'll take a look backstage /SU,praise,auto_handle,Acknowledge warmly; keep it short and genuine; no upsell,,,,1471777
bring back touch preview thanks.,Hey! We have more info about this here: Give us a shout if you have any questions /FR,praise,auto_handle,Acknowledge warmly; keep it short and genuine; no upsell,,,,2215895
glitching like mad on my iPad great,"Hey Nadka! Don’t worry, we can help. What’s happening exactly? Can you also let us know the iOS and Spotify version you're using? /KB",praise,auto_handle,Acknowledge warmly; keep it short and genuine; no upsell,,,,1963088
thanks I'm chatting with a representative at the moment :),"You're in good hands. If you need a hand with anything else, we're just a tweet away 🙂 /MG",praise,auto_handle,Acknowledge warmly; keep it short and genuine; no upsell,,,,378238
"I need that Grafh - ""Burn Em Down"" mixtape added to (the version with 4 extra songs). It's one of my all-time favorites. So many great records. Side note: You're a legend, . What MCing is all about. Been down since the early 00s, live radio Kay Slay days. 💯","Hi Marcus! Fingers crossed we'll be able to have it soon, but there's info about Spotify content here: 🙂 /JI",praise,auto_handle,Acknowledge warmly; keep it short and genuine; no upsell,,,,2148248
"Certainly does, thanks for your help :)","You're welcome! If you ever need us again, just give us a... 🙂 /AR",praise,auto_handle,Acknowledge warmly; keep it short and genuine; no upsell,,,,2862744
thank you For the app 👊🏼 spot on been waiting a long time,Hey there! Thanks for the kind words. They made us blush a little. Give us a shout if you need anything else 😍 /KP,praise,auto_handle,Acknowledge warmly; keep it short and genuine; no upsell,,,,1781610
Thanks for getting bck. Yes its the most recent available vrsn via Google play. Previous also did the same for short period. But seem to resolve. With recent update its bck with vengeance. Have also de/re-installed the app. No avail.,"Got it. Can you try logging out, restarting your device, then logging back in? Let us know how everything plays out /JE",praise,auto_handle,Acknowledge warmly; keep it short and genuine; no upsell,,,,450081
"Yep! All good though, still listening to Spotify and still love the app, just weird cuz it's never happened before",Thanks! Don't worry. We'll get this passed on to our devs so they can look into it. Give us a shout if you need anything else /JN,praise,auto_handle,Acknowledge warmly; keep it short and genuine; no upsell,,,,2065065
All set. Thanks :),Awesome! Let us know if you ever need us again. We'd be... /PB,praise,auto_handle,Acknowledge warmly; keep it short and genuine; no upsell,,,,2959352
"Cool, thanks for the reply. It's really more disruptive than fun though.",We hear you loud and clear Markkus. We'll be sure to pass your feedback onto the right folks /TB,praise,auto_handle,Acknowledge warmly; keep it short and genuine; no upsell,,,,1716831
Thanks! Do the other ones disappear?,"When they're removed from the playlist, they should be removed from your offline music too. Give us a shout if there's anything else /AP",praise,auto_handle,Acknowledge warmly; keep it short and genuine; no upsell,,,,1403636
"Hey there! Thanks for following up- he created a new account and used that to reach out, and got everything fixed. Have a great day!","Awesome, thanks for letting us know. Give us a shout if you need us again. Enjoy the music! 🎶 /GT",praise,auto_handle,Acknowledge warmly; keep it short and genuine; no upsell,,,,1692800
"Hi guys, I’m using my MacBook Air and also my iPhone 6 SE. Thanks :)",Thanks! Does logging out > restarting the device > logging back in help? Keep us posted /TY,praise,auto_handle,Acknowledge warmly; keep it short and genuine; no upsell,,,,55246
Indeed it works. Thanks. 😌,Great! Glad to hear it's working. Just let us know if we can help with anything else. 🙂 /BP,praise,auto_handle,Acknowledge warmly; keep it short and genuine; no upsell,,,,2916674
I have a premium account and have lost all my playlists since the phone update can somebody call me on 02082224109. Thanks,"1: Hi John! We're afraid we don't have telephone support, but we'll be glad to help here through Twitter.",praise,auto_handle,Acknowledge warmly; keep it short and genuine; no upsell,,,,187574
"Great, thank you. Have a nice night.",Have a nice day /MC,praise,auto_handle,Acknowledge warmly; keep it short and genuine; no upsell,,,,634369
okay dad love you,No problem! Just give us a shout if you need anything else. /JU,praise,auto_handle,Acknowledge warmly; keep it short and genuine; no upsell,,,,2912534
Yo can I listen to without you whipping their Christmas album out every other song thanks,Hey there! Suggested Tracks are part of our Free service on mobile. There's more info here: /RI,praise,auto_handle,Acknowledge warmly; keep it short and genuine; no upsell,,,,706699
how many devices with downloaded music can I have with a premium account? Thanks!,"Hi Edu! You can download up to 3,333 songs per device, on a maximum of 3 devices. More info here: /AU",praise,auto_handle,Acknowledge warmly; keep it short and genuine; no upsell,,,,255596
Screw for the massive mobile app update. It's freaking impossible to enjoy the app without premium now and I can't afford that shit,Hey Connor! Is your Spotify misbehaving? What issues are you having and on what device? We'll help out /SY,praise,auto_handle,Acknowledge warmly; keep it short and genuine; no upsell,,,,93961
"Hey awesome thanks, halfway happy",Cool. Let us know if we can help with anything else. We'd be... 😉 /CO,praise,auto_handle,Acknowledge warmly; keep it short and genuine; no upsell,,,,2190850
"Hey there recently moved from Ireland to China and having trouble logging in to my account on my laptop, Irish and Chinese phone. Just wondering are you available in China? I have a VPN set up and all other apps work such as facebook. Thanks!","Hi Eimear, help's here! Can you DM us your account's email address? We'll take a look backstage /DV",praise,auto_handle,Acknowledge warmly; keep it short and genuine; no upsell,,,,2684269
"Thanks 4 the speedy response but I think I discovered what’s going on, does the desktop app have a way to play music from personal folders?",2: here: Let us know if you have other questions /JU,praise,auto_handle,Acknowledge warmly; keep it short and genuine; no upsell,,,,8672
"Spotify PLEASE remove Chris Brown from my Release Radar every week. That 'man' is the absolute worst, Thank you","Hey Gary, thanks for the feedback – we appreciate it! We’ll get this passed onto the right team /NS",praise,auto_handle,Acknowledge warmly; keep it short and genuine; no upsell,,,,2321271
Can someone please explain to me why one of my favorite albums is like this on ?!?,Hi Joshua! Can you let us know what's happening exactly? We'll keep an eye out for your reply /QI,praise,auto_handle,Acknowledge warmly; keep it short and genuine; no upsell,,,,1500865
I'mma vote for the filter — it's not the topic (I'm a clean dude) but the actual ad that's pathetic. Thanks!,No worries! Let us know if there's anything else we can do for you /TF,praise,auto_handle,Acknowledge warmly; keep it short and genuine; no upsell,,,,925108
"Ok,later. Thanks!👍","Cool. Give us a shout if you need anything else, and we'd be glad to help /LW",praise,auto_handle,Acknowledge warmly; keep it short and genuine; no upsell,,,,2600306
Hey how is ‘I Believe in A Thing Called Love’ by The Darkness NOT on Steve’s Morning Hair Grooves???,"Hey Ry! Our Curation team are independent & use taste, data, and trends to create playlists, but we’ll pass on your suggestion /JP",praise,auto_handle,Acknowledge warmly; keep it short and genuine; no upsell,,,,2131402
seems to be working at this stage. Will let you know if it happens again. Cheers,Sure thing. We'll keep an eye out for your update /MU,other,auto_handle,Answer the specific question; point to help center if unsure,,,,330237
"I think I speak on behalf of all 90s kids, but AM to PM by needs to be available. Like now.","Hey Daniela! Fingers crossed we'll be able to have it soon, but there's info about Spotify content here: /NS",feature_question,auto_handle,Answer the question directly; point to help article or in-app feature; keep it brief,,,,1882904
Why can't I listen to Sunny Days on ? I'm premium member and from The Netherlands 😭,"Hi, help's here! Just to check, are you getting a specific error message? If so, can you send us a screenshot? We'll take a look /DD",playback_technical,auto_handle,Acknowledge problem; suggest quick fix (reinstall / clear cache / check connection); ask device/OS if needed,,,,1815461
Yo this is like the 96293rd time I had to download my playlists again. What's up fam?,"Hey there, help's here! Could you DM us your account's username and email address? We'll check backstage for you /BX",playback_technical,auto_handle,Acknowledge problem; suggest quick fix (reinstall / clear cache / check connection); ask device/OS if needed,,,,399251
is fake af for taking Take Care away.... help!!!! 😭😭,"Hey Jordyn, sometimes content gets temporarily removed because of licensing changes. Hopefully we'll have it available again soon! /TF",complaint_general,auto_handle,Acknowledge frustration genuinely; thank for feedback; no false promises; optionally offer to investigate,,,,2557535
"Hey JU, I just uninstalled and reinstalled the Spotify app on my iPhone and it didn't play .",That's odd. Can you DM us your username or email address so we can take a closer look? /JU,playback_technical,auto_handle,Acknowledge problem; suggest quick fix (reinstall / clear cache / check connection); ask device/OS if needed,,,,1771353
any plans for an Apple Watch app? Please 🙏.,Hey! Check out the official idea and add your vote to let our devs know it's something you'd like to see: /NQ,feature_question,auto_handle,Answer the question directly; point to help article or in-app feature; keep it brief,,,,1942076
Bisa tolong dibalikin ke premium ga ya min? Aku saya jadi free,Hey there! We've just sent a DM your way. Let's carry on chatting there /PB,billing_subscription,escalate,Acknowledge charge issue; do NOT promise refund; direct to billing team; give timeline expectation,,,,2349641
I'll be sure to check often to see if you guys launch in Namibia👌,"That's what we like to hear! If you need anything else, just shout and we'll come running /DF",feature_question,auto_handle,Answer the question directly; point to help article or in-app feature; keep it brief,,,,2190947
you charged me 4.99 and I still have ads and no skips. What's up with that. Dm me.,Hey there! We're unable to send first DMs here. Could you send us a DM with your account's username or email address instead? /DB,billing_subscription,escalate,Acknowledge charge issue; do NOT promise refund; direct to billing team; give timeline expectation,,,,1891924
Why aren't you releasing the app in india?? Come on man ...have been waiting for months now😑😑,Hey! We're launching regularly in countries around the world. Sign up here to be first to hear: /DF,feature_question,auto_handle,Answer the question directly; point to help article or in-app feature; keep it brief,,,,704761
...and I'm not aware of a certain update causing this. Switching to High quality downloads was the change that seemed to cause it.,Can you try logging out > restarting your device > logging back in? Let us know if that makes a difference /RH,playback_technical,auto_handle,Acknowledge problem; suggest quick fix (reinstall / clear cache / check connection); ask device/OS if needed,,,,186182
Yes. It resets my ad timer and makes me wait again.,Got it. Best thing to try here is a reinstall. Just follow the steps at Let us know how it goes /KL,playback_technical,auto_handle,Acknowledge problem; suggest quick fix (reinstall / clear cache / check connection); ask device/OS if needed,,,,930001
when is iPhone X compatibility coming 😭😭😭,"Hey there! We don't have info to share about this right now, but we'll be sure to keep everyone updated /AR",feature_question,auto_handle,Answer the question directly; point to help article or in-app feature; keep it brief,,,,2721697
Why is Good Riddance marked explicit okkn #Spotify,"Hey there! We don't have any info on this right now. If you ever need anything else, just shout and we'll come running 🏃 /KL",feature_question,auto_handle,Answer the question directly; point to help article or in-app feature; keep it brief,,,,2646381
"I would but I don't wanna pay for Spotify AND Hulu.. I thought that if you're paying for Spotify, Hulu is free but I guess not.",1: Hey! Students in accredited colleges in the U.S. can apply for the student discount ($4.99) with Hulu access for no additional cost.,billing_subscription,escalate,Acknowledge charge issue; do NOT promise refund; direct to billing team; give timeline expectation,,,,1945073
is this the right place to ask for support with the Spotify playstation 4 application?,"Hey Lou! Don't worry, help's here. Let us know what's going on. We'll see what we can suggest /JU",other,auto_handle,Answer the specific question; point to help center if unsure,,,,611843
Am using up to date version of Spotify on my Google Pixel phone with EE. It's the only thing I use it on & takes up 75% of my mob memory 😶,Got it. Can you also fire over your account's email address or username via DM? We'll take a look backstage /RC,playback_technical,auto_handle,Acknowledge problem; suggest quick fix (reinstall / clear cache / check connection); ask device/OS if needed,,,,1061640
Unprivating so can help me. Hello please help me </3,"Hey Priscilla! What's up? We didn't do something wrong, did we? Let us know what's happening exactly and we'll see how we can help /JP",other,auto_handle,Answer the specific question; point to help center if unsure,,,,1150050
"Hello, I've tried to tell my problem from the website but until now I can't get my premium account back, I still can't logged in to my account :(",Thanks for the info. Can you DM us your account's email address? We'll take a look backstage and see what we can suggest /NY,account_access,escalate,Acknowledge login issue; suggest password reset or account recovery; escalate if unresolved,,,,44427
When will it be available??,"We don't have any info on this right now, but we'll have it available to you as soon as it’s available to us /AN",feature_question,auto_handle,Answer the question directly; point to help article or in-app feature; keep it brief,,,,2265061
Your refusal to allow explicit filtering = my refusal to use your service #appdeleted #cancelspotify,"Hi David! We hear you loud and clear. Rest assured, your feedback will be passed on to the right folks /JI",cancellation,escalate,Explain cancellation steps; confirm what happens post-cancel (reverts to free); mention premium features lost,,,,450060
updaaaate please!,Hi Karlo! What seems to be the issue? Are you having any issues with the app? We'll see what we can suggest /NY,feature_question,auto_handle,Answer the question directly; point to help article or in-app feature; keep it brief,,,,1730848
"Oh snap, it's not just me then!","Yes. Support the idea - help us let our devs know it's something you'd like to see. For now, give us a shout if there's anything else /GT",other,auto_handle,Answer the specific question; point to help center if unsure,,,,871308
"but it's been requested for years now, what's the point?",Our Devs team will check your votes and keep you updated on any news in the link we sent. Tweet us if you need more help /EA,complaint_general,auto_handle,Acknowledge frustration genuinely; thank for feedback; no false promises; optionally offer to investigate,,,,66014
It’s been like 10 days.. no info.,"We don't have a release date yet, but rest assured our developers are on it. Watch out for it! Give us a shout if there's anything else /RE",complaint_general,auto_handle,Acknowledge frustration genuinely; thank for feedback; no false promises; optionally offer to investigate,,,,2382572
"Desktop app isn't playing songs, but it's playing on my phone. I have restarted and uninstalled the app with no joy","Hey there, help's here! Can you let us know your desktop's OS and the version of Spotify it's currently rocking? It'd also be super helpful if you could provide a screenshot of what you're seeing. Keep us in the loop /AV",playback_technical,auto_handle,Acknowledge problem; suggest quick fix (reinstall / clear cache / check connection); ask device/OS if needed,,,,173646
"It really, really sucks that and aren't on .","Hey Neal! We’d love to have all of their stuff available, but we have some info about content here: /JX",complaint_general,auto_handle,Acknowledge frustration genuinely; thank for feedback; no false promises; optionally offer to investigate,,,,806556
"no, it did not work and I'm in misery for it.","Don't worry, we're not giving up yet. Can you tell us what device/OS you're using? We'll see what else we can suggest /RR",playback_technical,auto_handle,Acknowledge problem; suggest quick fix (reinstall / clear cache / check connection); ask device/OS if needed,,,,871326
Account name: sjoerd.jobse34,Thanks. Could you DM us the best email address we can contact you on? /RH,account_access,escalate,Acknowledge login issue; suggest password reset or account recovery; escalate if unresolved,,,,2312884
